1,Deb,Sen,Bengali,Male
2,Ajit,Mazumdar,Bengali,Male
3,Shaan,Dasgupta,Bengali,Male
4,Dhriti,Debnath,Bengali,Female
5,Minaxi,Bandopadhyay,Bengali,Female
6,Sangeeta,Chattopadhyay,Bengali,Female
7,Jaidev,Sen,Bengali,Male
8,Harsha,Dasgupta,Bengali,Male
9,Satyen,Banerjee,Bengali,Male
10,Gautam,Bhuiyan,Bengali,Male
11,Anoop,Das,Bengali,Male
12,Hemchandra,Ganguly,Bengali,Male
13,Deepankar,Bagchi,Bengali,Male
14,Abhijit,Ghatak,Bengali,Male
15,Chandrabali,Debnath,Bengali,Female
16,Debiprasad,Ghatak,Bengali,Male
17,Ananya,Sanyal,Bengali,Female
18,Dilip,Sikdar,Bengali,Male
19,Hiran,Bandopadhyay,Bengali,Male
20,Geet,Ganguly,Bengali,Female
21,Devesh,Chatterjee,Bengali,Male
22,Chandran,Sengupta,Bengali,Male
23,Devadas,Sikdar,Bengali,Male
24,Anmolika,Sikdar,Bengali,Female
25,Banshi,Dutta,Bengali,Male
26,Amar,Dutta,Bengali,Male
27,Ashutosh,Das,Bengali,Male
28,Chanchala,Thakur,Bengali,Female
29,Upasana,Banerjee,Bengali,Female
30,Divyendu,Dasgupta,Bengali,Male
31,Annapoorna,Bhuiyan,Bengali,Female
32,Tapas,Sikdar,Bengali,Male
33,Kanchan,Dutta,Bengali,Female
34,Arpita,Mukherjee,Bengali,Female
35,Kajol,Mazumdar,Bengali,Female
36,Na,Ni,Chinese (PRC),Female
37,Jerry ,Hu,Chinese (PRC),Male
38,Sun,Zhuang,Chinese (PRC),Male
39,Shen,Chen,Chinese (PRC),Male
40,Ming,Lo,Chinese (PRC),Male
41,Fen,Fu,Chinese (PRC),Female
42,An,Chen,Chinese (PRC),Male
43,Chan,Xia,Chinese (PRC),Female
44,Chan,Ang,Chinese (PRC),Female
45,Jie,Yuen,Chinese (PRC),Male
46,Peng,Yao,Chinese (PRC),Male
47,Ming,Ren,Chinese (PRC),Male
48,Chan,Xu,Chinese (PRC),Female
49,Ming,Teng,Chinese (PRC),Male
50,Yi Ze,Xie,Chinese (PRC),Female
51,Hu,Kuo,Chinese (PRC),Male
52,Cai,Shi,Chinese (PRC),Female
53,Cai,Tsay,Chinese (PRC),Female
54,Wen,Pan,Chinese (PRC),Male
55,Luo,Xie,Chinese (PRC),Male
56,Kuan-Yin,Chen,Chinese (PRC),Male
57,Cheng,Yuan,Chinese (PRC),Male
58,Lixue,Lu,Chinese (PRC),Female
59,Hu,Zhuang,Chinese (PRC),Male
60,Bo,Tan,Chinese (PRC),Male
61,Cai,Xu,Chinese (PRC),Female
62,Cai,Xue,Chinese (PRC),Female
63,Shen,Hu,Chinese (PRC),Male
64,Feng,Hu,Chinese (PRC),Male
65,Yeow,Yin,Chinese (PRC),Male
66,Qiang,Liao,Chinese (PRC),Male
67,Lian,Xu,Chinese (PRC),Female
68,Yun,Yu,Chinese (PRC),Female
69,Cai,Hou,Chinese (PRC),Female
70,Qian,Lin,Chinese (PRC),Female
71,Byung-Hyun,Nam,Korean,Male
72,Hyun-Ok,Rim,Korean,Female
73,Seung-In,Seong,Korean,Male
74,Byung-Hyun,Min,Korean,Male
75,Se-Kwon,Park,Korean,Male
76,Hyun-Ok,Koh,Korean,Female
77,Eun-Kyung,Pak,Korean,Female
78,Hwa-Young,Hah,Korean,Female
79,Jae-Joon,Yu,Korean,Male
80,Hyun-Ki,Jo,Korean,Male
81,Duck-Hwan,No,Korean,Male
82,He-Ran,Cho,Korean,Female
83,Ji-min,Bai,Korean,Female
84,Mee-Kyong,Koh,Korean,Female
85,Jin-Kyong,Pak,Korean,Female
86,Dae-Jong,Min,Korean,Male
87,Hyun-Ki,Ha,Korean,Male
88,Ae-Cha,Ra,Korean,Female
89,Choon-Hee,Sohn,Korean,Female
90,Dae-Shik,Yoon,Korean,Male
91,Young-Tae,Jeong,Korean,Male
92,Jae-Gon,Han,Korean,Male
93,Hyo-Sonn,Joo,Korean,Female
94,Hee-Young,Whang,Korean,Female
95,Hyun-Sik,Jin,Korean,Male
96,Hak-Kun,Jo,Korean,Male
97,Hee-Young,Yun,Korean,Female
98,Hyun-Ki,Cho,Korean,Male
99,Ye-eun,Bai,Korean,Female
100,Mi-Cha,Choe,Korean,Female
101,Kang-Hee,Gwak,Korean,Male
102,Tae-Uk,Seo,Korean,Male
103,Jae-Hwa,Yu,Korean,Male
104,Chul-Soon,Jeon,Korean,Male
105,Gi-Suk,Han,Korean,Male
106,Aki,Nakayama,Japanese,Female
107,Ren,Kojima,Japanese,Male
108,Yuudai,Fujii,Japanese,Male
109,Botan,Fujiwara,Japanese,Male
110,Ayaka,Matsumoto,Japanese,Female
111,Ryouta,Matsumoto,Japanese,Male
112,Chikamasa,Shibata,Japanese,Male
113,Yuudai,Hayashi,Japanese,Male
114,Haruka,Ishida,Japanese,Female
115,Botan,Kobayashi,Japanese,Male
116,Miki,Hayashi,Japanese,Female
117,Nanami,Suzuki,Japanese,Female
118,Rina,Tanaka,Japanese,Female
119,Ren,Takahashi,Japanese,Male
120,Ayaka,Hayakawa,Japanese,Female
121,Nana,Sakai,Japanese,Female
122,Miu,Sasaki,Japanese,Female
123,Natsumi,Sato,Japanese,Female
124,Ayano,Okamoto,Japanese,Female
125,Den,Nakayama,Japanese,Male
126,Miki,Ono,Japanese,Female
127,Kazuya,Matsumoto,Japanese,Male
128,Naoto,Sakai,Japanese,Male
129,Ayame,Nakayama,Japanese,Female
130,Daigoro,Fukuda,Japanese,Male
131,Mizuki,Yamamoto,Japanese,Female
132,Yuuka,Kojima,Japanese,Female
133,Riku,Yasuda,Japanese,Male
134,Kazuya,Tanaka,Japanese,Male
135,Daisuke,Ota,Japanese,Male
136,Chinatsu,Sakamoto,Japanese,Female
137,Yuuka,Ito,Japanese,Female
138,Akiko,Wada,Japanese,Female
139,Daitaro,Hayakawa,Japanese,Male
140,Kaito,Maruyama,Japanese,Male
141,Bartosz,Kozowski,Polish,Male
142,Dariusz,Kozowski,Polish,Male
143,Dominik,Dudek,Polish,Male
144,Ludmilla,Szczepanska,Polish,Female
145,Ludmilla,Maciejewska,Polish,Female
146,Fryderyk,Wieczorek,Polish,Male
147,Patryk,Szczepanski,Polish,Male
148,Aleksandra,Kwiatkowska,Polish,Female
149,Karolina,Krawczyk,Polish,Female
150,Korneliusz,Maciejewski,Polish,Male
151,Gabrysz,Pawlak,Polish,Male
152,Wisia,Kozowska,Polish,Female
153,Wiktor,Wisniewski,Polish,Male
154,Ludwik,Wisniewski,Polish,Male
155,Gabrysz,Grabowski,Polish,Male
156,Grzegorz,Wysocki,Polish,Male
157,Luiza,Nowakowska,Polish,Female
158,Izabela,Zawadzka,Polish,Female
159,Klaudia,Piotrowska,Polish,Female
160,Anna,Kwiatkowska,Polish,Female
161,Jakub,Krol,Polish,Male
162,Ksawery,Kalinowska,Polish,Male
163,Mieczysaw,Wieczorek,Polish,Male
164,Ksenia,Pawlak,Polish,Female
165,Dominika,Maciejewska,Polish,Female
166,Hajnrich,Sawicki,Polish,Male
167,Jakob,Szczepanski,Polish,Male
168,Roman,Wisniewski,Polish,Male
169,Patryk,Gorski,Polish,Male
170,Lidia,Duda,Polish,Female
171,Adrianna,Sokolowska,Polish,Female
172,Tucja,Olszewska,Polish,Female
173,Jozef,Walczak,Polish,Male
174,Mikolaj,Zielinski,Polish,Male
175,Karolina,Piotrowska,Polish,Female
176,Bianca,Lo Duca,Italian,Female
177,Diego,Rossi,Italian,Male
178,Enrico,Ricci,Italian,Male
179,Alice,Pugliesi,Italian,Female
180,Enrico,Marchesi,Italian,Male
181,Michele,Lucchese,Italian,Male
182,Luca,Trentino,Italian,Male
183,Paola,Gallo,Italian,Female
184,Marta,Pisani,Italian,Female
185,Raffaele,Napolitani,Italian,Male
186,Simone,Romani,Italian,Male
187,Lina,Longo,Italian,Female
188,Caterina,Lombardi,Italian,Female
189,Marta,Lombardi,Italian,Female
190,Vittoria,De Luca,Italian,Female
191,Anna,Romano,Italian,Female
192,Aldo,Genovesi,Italian,Male
193,Sergio,Iadanza,Italian,Male
194,Dino,Moretti,Italian,Male
195,Nicola,Milano,Italian,Male
196,Marta,Lucchese,Italian,Female
197,Federica,Lucchese,Italian,Female
198,Mia,Padovesi,Italian,Female
199,Massimo,Udinesi,Italian,Male
200,Mattia,Mariano,Italian,Male
201,Antonio,Sagese,Italian,Male
202,Gabriele,Sagese,Italian,Male
203,Caterina,Pinto,Italian,Female
204,Gino,Folliero,Italian,Male
205,Nicolo,Columbo,Italian,Male
206,Francesca,Mazzanti,Italian,Female
207,Sergio,Cattaneo,Italian,Male
208,Luca,Esposito,Italian,Male
209,Jacopo,Beneventi,Italian,Male
210,Sabrina,Sal,Italian,Female
211,Victor,Valmor,Portuguese (Portugal),Male
212,Vitor,Vila Nova,Portuguese (Portugal),Male
213,Mariana,Pereira,Portuguese (Portugal),Female
214,Pedro,Correa,Portuguese (Portugal),Male
215,Diego,Barbosa,Portuguese (Portugal),Male
216,Joao,Pena,Portuguese (Portugal),Male
217,Igor,Lima,Portuguese (Portugal),Male
218,Emillia,Ferreira,Portuguese (Portugal),Female
219,Catalina,Neves,Portuguese (Portugal),Female
220,Leonor,Torres,Portuguese (Portugal),Female
221,Tiago,Alves,Portuguese (Portugal),Male
222,Francisco,Cavalcanti,Portuguese (Portugal),Male
223,Micaela,Lopes,Portuguese (Portugal),Female
224,Elena,Mota,Portuguese (Portugal),Female
225,Avelina,Oliveira,Portuguese (Portugal),Female
226,Sara,Pena,Portuguese (Portugal),Female
227,Camila,Botas,Portuguese (Portugal),Female
228,Paulo,Barros,Portuguese (Portugal),Male
229,Micaela,Cardoso,Portuguese (Portugal),Female
230,Filipa,Pena,Portuguese (Portugal),Female
231,Hugo,Barbosa,Portuguese (Portugal),Male
232,Elena,Rocha,Portuguese (Portugal),Female
233,Livia,Mota,Portuguese (Portugal),Female
234,Maria,Fernandes,Portuguese (Portugal),Female
235,Margarida,Teixeira,Portuguese (Portugal),Female
236,Matilde,Correla,Portuguese (Portugal),Female
237,Hugo,Carvalho,Portuguese (Portugal),Male
238,Kai,Rocha,Portuguese (Portugal),Male
239,Martim,Cunha,Portuguese (Portugal),Male
240,Lara,Rodrigues,Portuguese (Portugal),Female
241,Carolina,Ferreira,Portuguese (Portugal),Female
242,Diogo,Correa,Portuguese (Portugal),Male
243,Andre,Correa,Portuguese (Portugal),Male
244,Gabriel,Alves,Portuguese (Portugal),Male
245,Rafael,Rocha,Portuguese (Portugal),Male
246,Victor,Avdeev,Russian,Male
247,Pavel,Ivanov,Russian,Male
248,Polina,Kornilova,Russian,Female
249,Yegor,Kuznetsov,Russian,Male
250,Viktoriya,Vasilyeva,Russian,Female
251,Kirill,Zubarev,Russian,Male
252,Dmitry,Avdeev,Russian,Male
253,Mariya,Medvedeva,Russian,Female
254,Viktoria,Kornilova,Russian,Female
255,Mihail,Degtyarev,Russian,Male
256,Anna,Popov,Russian,Female
257,Sergei,Sergeyev,Russian,Male
258,Galina,Voronina,Russian,Female
259,Kateryna,Larionova,Russian,Female
260,Yelizaveta,Sorokina,Russian,Female
261,Ilya,Voronkov,Russian,Male
262,Alex,Ignatyev,Russian,Male
263,Grigory,Alexeeva,Russian,Male
264,Alexandra,Maslova,Russian,Female
265,Oksana,Seleznyova,Russian,Female
266,Anna,Shubina,Russian,Female
267,Gregory,Kuznetsov,Russian,Male
268,Dariya,Voronina,Russian,Female
269,Alexandra,Seleznyova,Russian,Female
270,Boris,Evseyev,Russian,Male
271,Polina,Nikolaeva,Russian,Female
272,Olga,Kuzmina,Russian,Female
273,Sophia,Larionova,Russian,Female
274,Alisa,Sazonova,Russian,Female
275,Yelizaveta,Alexandrova,Russian,Female
276,Ilya,Seleznyov,Russian,Male
277,Irina,Sorokina,Russian,Female
278,Svetlana,Kuzmina,Russian,Female
279,Nikolay,Artemiev,Russian,Male
280,Lilith,Pokrovskaya,Russian,Female
281,Remzi,Dogan,Turkish,Male
282,Osman,Aydan,Turkish,Male
283,Huseyin,Elmas,Turkish,Male
284,Adnan,Kalcu,Turkish,Male
285,Dogu,Guler,Turkish,Male
286,Aalker,Dikmen,Turkish,Male
287,Ugur,Gunes,Turkish,Male
288,Fatma,Ozkan,Turkish,Female
289,Veli,Dogan,Turkish,Male
290,Suleyman,Koc,Turkish,Male
291,ozlem,Basturk,Turkish,Female
292,Erdal,Cetinkaya,Turkish,Male
293,Nalan,Polat,Turkish,Female
294,Veli,Basturk,Turkish,Male
295,Serhat,Tunc,Turkish,Male
296,sahin,Acar,Turkish,Male
297,Cetin,Dikmen,Turkish,Male
298,Tulay,Ozbekut,Turkish,Female
299,Vedat,Akbulut,Turkish,Male
300,Berkay,Basturk,Turkish,Male
301,Irmak,Ozkan,Turkish,Female
302,Huseyin,Gunes,Turkish,Male
303,Melih,Guler,Turkish,Male
304,Doruk,Ozbek,Turkish,Male
305,Utku,Sahin,Turkish,Male
306,Can,Tekin,Turkish,Male
307,Tamer,Ozgur,Turkish,Male
308,Guler,Avcar,Turkish,Female
309,Cagla,Saglam,Turkish,Female
310,Tulin,Keskin,Turkish,Female
311,Nilufer,Ozden,Turkish,Female
312,Oya,Dikmen,Turkish,Female
313,Lale,Keskin,Turkish,Female
314,Jale,Dikmen,Turkish,Female
315,Eda,Cetinkaya,Turkish,Female
316,Antonio,Madera,Spanish (Spain),Male
317,Nerea,Flores,Spanish (Spain),Female
318,Melani,Chavez,Spanish (Spain),Female
319,Samuel,Parra,Spanish (Spain),Male
320,Adrian,Feliciano,Spanish (Spain),Male
321,Lucia,Sevilla,Spanish (Spain),Female
322,Nerea,Arellano,Spanish (Spain),Female
323,Izan,Parra,Spanish (Spain),Male
324,Marta,Martinez,Spanish (Spain),Female
325,Iker,Alcala,Spanish (Spain),Male
326,Ruben,Apodaca,Spanish (Spain),Male
327,Julia,Robledo,Spanish (Spain),Female
328,Cecilia,Cortes,Spanish (Spain),Female
329,Miguel,Ontiveros,Spanish (Spain),Male
330,Guillermo,Melgar,Spanish (Spain),Male
331,Nuria,Rios,Spanish (Spain),Female
332,Nerea,Miranda,Spanish (Spain),Female
333,Isabelina,Gracia,Spanish (Spain),Female
334,Lourdes,Chavez,Spanish (Spain),Female
335,Nicolas,Ontiveros,Spanish (Spain),Male
336,Amal,Pelayo,Spanish (Spain),Female
337,Carolina,Duarte,Spanish (Spain),Female
338,Ela,Melgar,Spanish (Spain),Female
339,Fernando,Apodaca,Spanish (Spain),Male
340,Gonzalo,Nino,Spanish (Spain),Male
341,Manuel,Morales,Spanish (Spain),Male
342,Jorge,Nevarez,Spanish (Spain),Male
343,Manuel,Arteaga,Spanish (Spain),Male
344,Laura,Valentin,Spanish (Spain),Female
345,Adrian,Morales,Spanish (Spain),Male
346,Ruben,Tijerina,Spanish (Spain),Male
347,Marc,Quintanilla,Spanish (Spain),Male
348,Sofia,Barrera,Spanish (Spain),Female
349,Melani,Maldonado,Spanish (Spain),Female
350,Loris,Gracia,Spanish (Spain),Female
351,Janos,Szigethy,Hungarian,Male
352,Laszlo,Kardos,Hungarian,Male
353,Amalia,Foldy,Hungarian,Female
354,Julianna,Szarka,Hungarian,Female
355,Katinka,Makay,Hungarian,Female
356,Sandor,Horvath,Hungarian,Male
357,Kolos,Ujvary,Hungarian,Male
358,David,Lovas,Hungarian,Male
359,Lazar,Rozsa,Hungarian,Male
360,Kolos,Nemeth,Hungarian,Male
361,Marianna,Farkas,Hungarian,Female
362,Szabolcs,Erdei,Hungarian,Male
363,Izabella,Farago,Hungarian,Female
364,Angyalka,Sebok,Hungarian,Female
365,Daniel,Gyarmati,Hungarian,Male
366,Katinka,Horvath,Hungarian,Female
367,David,Havasy,Hungarian,Male
368,Jucika,Farkas,Hungarian,Female
369,Julianna,Molnar,Hungarian,Female
370,Endre,Gero,Hungarian,Male
371,Eva,Szarka,Hungarian,Female
372,Lorand,Soltesz,Hungarian,Male
373,Barbara,Gyenes,Hungarian,Female
374,Szabolcs,Soross,Hungarian,Male
375,Marianna,Varga,Hungarian,Female
376,Peter,Bolla,Hungarian,Male
377,Sebo,Varga,Hungarian,Male
378,Fanni,Foldy,Hungarian,Female
379,Odon,Gyarmati,Hungarian,Male
380,Katarina,Budai,Hungarian,Female
381,Rajmund,Kontz,Hungarian,Male
382,Sebo,Danko,Hungarian,Male
383,Izabella,Torma,Hungarian,Female
384,Istvan,Szabo,Hungarian,Male
385,Barbara,Szollossy,Hungarian,Female
386,Philippos,Spanos,Greek,Male
387,Philippos,Mula,Greek,Male
388,Philipp,Kairis,Greek,Male
389,Tonia,Barba,Greek,Female
390,Denise,Ballis,Greek,Female
391,Philippe,Kotas,Greek,Male
392,Alexis,Christos,Greek,Female
393,Irini,Dukas,Greek,Female
394,Rita,Anania,Greek,Female
395,Iris,Baris,Greek,Female
396,Katharyn,Anagnos,Greek,Female
397,Rhea,Doukas,Greek,Female
398,Theodore,Galanos,Greek,Male
399,Jaison,Georgas,Greek,Male
400,Eleni,Barlas,Greek,Female
401,Kate,Andris,Greek,Female
402,Iason,Nicolaou,Greek,Male
403,Eleftheria,Chontos,Greek,Female
404,Philippos,Nicolaou,Greek,Male
405,Alexander,Ganis,Greek,Male
406,Iason,Lampros,Greek,Male
407,Myron,Lambros,Greek,Male
408,Christos,Gekas,Greek,Male
409,Klaasr,Fotopoulos,Greek,Male
410,Eleftheria,Chronis,Greek,Female
411,Tonia,Chaconas,Greek,Female
412,Alexis,Christopoulos,Greek,Female
413,Katerina,Barberis,Greek,Female
414,Theodore,Lampros,Greek,Male
415,Philippos,Galanos,Greek,Male
416,Georgia,Anastos,Greek,Female
417,Eleftheria,Andreas,Greek,Female
418,Iason,Economos,Greek,Male
419,Lydia,Angelopoulos,Greek,Female
420,Stefanos,Georgas,Greek,Male
421,Gustav,Holst,Danish,Male
422,Hannah,Sorensen,Danish,Female
423,Malthe,Bak,Danish,Male
424,Anette,Jeppesen,Danish,Female
425,Anna,Olsen,Danish,Female
426,Nicolaj,Kruse,Danish,Male
427,Christiane,Andersen,Danish,Female
428,William,Hermansen,Danish,Male
429,Gustav,Bruun,Danish,Male
430,Elena,Lauridsen,Danish,Female
431,Bitte,Jespersen,Danish,Female
432,Mathias,Lind,Danish,Male
433,Magnus,Brandt,Danish,Male
434,Birgitte,Olsen,Danish,Female
435,Oscar,Kjeldsen,Danish,Male
436,Bianca,Thomsen,Danish,Female
437,Jasmin,Kjaer,Danish,Female
438,Emil,Bertelsen,Danish,Male
439,Helen,Kjaer,Danish,Female
440,Magnus,Christoffersen,Danish,Male
441,Elise,Nissen,Danish,Female
442,Elise,Nielsen,Danish,Female
443,Gustav,Schou,Danish,Male
444,Birgitte,Madsen,Danish,Female
445,Hansigne,Moller,Danish,Female
446,Markus,Lind,Danish,Male
447,Nicklas,Gregersen,Danish,Male
448,Cristoffer,Thorsen,Danish,Male
449,Valdemar,Danielsen,Danish,Male
450,Elisabeth,Ostergaard,Danish,Female
451,Anders,Klausen,Danish,Male
452,Nicklas,Paulsen,Danish,Male
453,Cristoffer,Toft,Danish,Male
454,Malthe,Nygaard,Danish,Male
455,Birte,Christensen,Danish,Female
456,Ingrid,Ehrle,German (Germany),Female
457,Hans,Graf,German (Germany),Male
458,Helga,Ehrle,German (Germany),Female
459,Maximilian,Wolfe,German (Germany),Male
460,Berend,Anhalt,German (Germany),Male
461,Giselle,Maier,German (Germany),Female
462,Julia,Wolfe,German (Germany),Female
463,Charles,Graf,German (Germany),Male
464,Claus,Wolf,German (Germany),Male
465,Leon,Lange,German (Germany),Male
466,Kasper,Carstens ,German (Germany),Male
467,Emily,Richter,German (Germany),Female
468,Gebhard,Muller,German (Germany),Male
469,Ulla,Fleer,German (Germany),Female
470,Killian,Hartmann,German (Germany),Male
471,Klaus,Kruger,German (Germany),Male
472,Achim,Klein,German (Germany),Male
473,Nele,Faber,German (Germany),Female
474,Brigitte,Endemann,German (Germany),Female
475,Ingrid,Schulz,German (Germany),Female
476,Berend,Cranz,German (Germany),Male
477,Killian,Kramer,German (Germany),Male
478,Helga,Otto,German (Germany),Female
479,Giselle,Martin,German (Germany),Female
480,Jan,Meyer,German (Germany),Male
481,Niklaus,Lange,German (Germany),Male
482,Sofia,Albrecht,German (Germany),Female
483,Hans,Otto,German (Germany),Male
484,Emily,Maier,German (Germany),Female
485,Jana,Kruger,German (Germany),Female
486,Lina,Krause,German (Germany),Female
487,Charles,Braun,German (Germany),Male
488,Klaus,Braun,German (Germany),Male
489,Conrad,Wagner,German (Germany),Male
490,Franz,Albrecht,German (Germany),Male
491,Malorie,Ratte,French,Female
492,David,Doyon,French,Male
493,Alexandre ,Barjavel,French,Male
494,Marcel ,Bellefeuille,French,Male
495,Genevieve ,Panetier,French,Female
496,Nichole ,Rocher,French,Female
497,Philippe,Sorel,French,Male
498,Blaise,Quenneville,French,Male
499,Raymond,Saucier,French,Male
500,Serge,Rivard,French,Male
501,Simone ,Bosse,French,Female
502,Genevieve,Arcouet,French,Female
503,Coralie,Panetier,French,Female
504,Fabrice,Lacroix,French,Male
505,Luc,Pelletier,French,Male
506,Noel,Belisle,French,Male
507,David,Margand,French,Male
508,Gerard,Beaulieu,French,Male
509,Christien,Margand,French,Male
510,Astrid,Langelier,French,Female
511,Lorie ,Bosse,French,Female
512,Simone ,Berthelette,French,Female
513,Lorraine,Labrecque,French,Female
514,Helene,Berthelette,French,Female
515,Serge,L'Angelier,French,Male
516,Coralie,Guibord,French,Female
517,Annette,Duperre,French,Female
518,Helene,Labrecque,French,Female
519,Alain,Levesque,French,Male
520,Luc,Coupart,French,Male
521,Francine ,Dumoulin,French,Female
522,Christian,Rochefort,French,Male
523,Christien,Pellerin,French,Male
524,Rachelle ,Guimond,French,Female
525,Theodore,Bonsaint,French,Male
526,Kirby,Dulaney,English (US),Male
527,Rachel,Fitzgerald,English (US),Female
528,Mack,Caban,English (US),Male
529,Madelyn,Rios,English (US),Female
530,Jarrod,Ferrari,English (US),Male
531,Nettie,Moss,English (US),Female
532,Erwin,McGowan,English (US),Male
533,Corina,Jarvis,English (US),Female
534,Lynnette,Nieves,English (US),Female
535,Donnell,Liddell,English (US),Male
536,Debbie,Waller,English (US),Female
537,Lucia,Lamb,English (US),Female
538,Emilio,Chiu,English (US),Male
539,Valerie,Cruz,English (US),Female
540,Suzette,Marquez,English (US),Female
541,Beatrice,Baird,English (US),Female
542,Ernestine,Beck,English (US),Female
543,Damian,Fusco,English (US),Male
544,Yvonne,Doyle,English (US),Female
545,Rufus,McLeod,English (US),Male
546,Colleen,Lawrence,English (US),Female
547,Kristopher,Seidel,English (US),Male
548,Joe,Mota,English (US),Male
549,Alison,Castro,English (US),Female
550,Toby,Lattimore,English (US),Male
551,Mindy,Mills,English (US),Female
552,Tracy,Lunn,English (US),Male
553,Isabella,French,English (US),Female
554,Pat,Cross,English (US),Female
555,Araceli,Tate,English (US),Female
556,Jacquelyn,Barrett,English (US),Female
557,Angelita,Duke,English (US),Female
558,Anton,Tallent,English (US),Male
559,John,Casanova,English (US),Male
560,Mary,Kent,English (US),Female
561,Flossie,Cantu,English (US),Female
562,Rickie,Donley,English (US),Male
563,Mabel,Tanner,English (US),Female
564,Russell,Bevins,English (US),Male
565,Zachary,Bey,English (US),Male
566,Marcia,Luna,English (US),Female
567,Hester,Powers,English (US),Female
568,Dallas,Gonsalves,English (US),Male
569,Duane,Ahmad,English (US),Male
570,Olivia,Herring,English (US),Female
571,Angelina,Bowers,English (US),Female
572,Brooke,Lamb,English (US),Female
573,Al,Dibble,English (US),Male
574,Nick,Steadman,English (US),Male
575,Ester,Herrera,English (US),Female
576,Deena,Quinn,English (US),Female
577,Drew,Wilke,English (US),Male
578,Max,Earnest,English (US),Male
579,Dennis,Baumgardner,English (US),Male
580,Jillian,Kemp,English (US),Female
581,Austin,Slattery,English (US),Male
582,Warren,Lock,English (US),Male
583,Emilio,Philips,English (US),Male
584,Adeline,Shepard,English (US),Female
585,Anne,Alvarado,English (US),Female
586,Marcel,Reinhart,English (US),Male
587,Elvin,Ballinger,English (US),Male
588,Ignacio,McClain,English (US),Male
589,Stefanie,Douglas,English (US),Female
590,Herbert,Gooding,English (US),Male
591,Twila,McDaniel,English (US),Female
592,Christopher,Pearl,English (US),Male
593,April,Benson,English (US),Female
594,Lana,Dejesus,English (US),Female
595,Leona,Beasley,English (US),Female
596,Ivy,Bowman,English (US),Female
597,Marylou,Cleveland,English (US),Female
598,Madeline,Koch,English (US),Female
599,Florine,Preston,English (US),Female
600,Kellie,Downs,English (US),Female
601,Karina,Craig,English (US),Female
602,Susanne,Finley,English (US),Female
603,Dominic,Wickham,English (US),Male
604,Amber,Hodges,English (US),Female
605,Cristina,Huff,English (US),Female
606,Jaime,Bartlett,English (US),Female
607,Pedro,Fulkerson,English (US),Male
608,Winston,Christmas,English (US),Male
609,Hannah,Morrison,English (US),Female
610,Sophie,Navarro,English (US),Female
611,Junior,Hadden,English (US),Male
612,Florence,Love,English (US),Female
613,Marcia,Pitts,English (US),Female
614,Estella,Campbell,English (US),Female
615,Ronda,Navarro,English (US),Female
616,Carmela,Wilson,English (US),Female
617,Tisha,McLaughlin,English (US),Female
618,Elton,Nutter,English (US),Male
619,Shanna,Hampton,English (US),Female
620,Elliot,Fries,English (US),Male
621,Anton,Thiel,English (US),Male
622,Caleb,Leake,English (US),Male
623,Eddie,Withrow,English (US),Male
624,Aida,Mosley,English (US),Female
625,Spencer,Laflamme,English (US),Male
626,Thaddeus,Gower,English (US),Male
627,Doug,Theriault,English (US),Male
628,Diane,Hebert,English (US),Female
629,Dianne,Reed,English (US),Female
630,Ruth,Landry,English (US),Female
631,Laverne,Quinn,English (US),Female
632,Joann,Perry,English (US),Female
633,Carl,Giron,English (US),Male
634,Sheryl,Gibson,English (US),Female
635,Shawn,Rupert,English (US),Male
636,Tracey,Shepard,English (US),Female
637,Penelope,Goodwin,English (US),Female
638,Richard,Ashmore,English (US),Male
639,Lucile,Branch,English (US),Female
640,Selma,Fleming,English (US),Female
641,Dorothy,Walls,English (US),Female
642,Dorothy,Hoover,English (US),Female
643,Harriett,Pitts,English (US),Female
644,Beverly,Crane,English (US),Female
645,Gale,Riggs,English (US),Female
646,Ruth,Baker,English (US),Female
647,Aimee,Page,English (US),Female
648,Julius,Hyland,English (US),Male
649,Kaye,Becker,English (US),Female
650,Josie,Puckett,English (US),Female
651,Beverly,Bradford,English (US),Female
652,Claudine,Hurley,English (US),Female
653,William,Mouton,English (US),Male
654,Lucille,Buckner,English (US),Female
655,Gerry,Lieberman,English (US),Male
656,Aileen,Delaney,English (US),Female
657,Ina,Jarvis,English (US),Female
658,Angeline,Hammond,English (US),Female
659,Debora,Huber,English (US),Female
660,Kelly,Aguirre,English (US),Female
661,Hollie,Hahn,English (US),Female
662,Mark,Barba,English (US),Male
663,Muriel,Dillon,English (US),Female
664,Nora,Savage,English (US),Female
665,Garrett,Dortch,English (US),Male
666,Jeannie,Russell,English (US),Female
667,Tracie,Bradford,English (US),Female
668,Stacey,Leonard,English (US),Female
669,Chrystal,Welch,English (US),Female
670,Raquel,Mayer,English (US),Female
671,Benjamin,Orton,English (US),Male
672,Maxine,McIntyre,English (US),Female
673,Melva,Mueller,English (US),Female
674,Glenda,Graves,English (US),Female
675,Carlton,Odum,English (US),Male
676,Christal,Nieves,English (US),Female
677,Jessie,Lindsey,English (US),Female
678,Douglas,Book,English (US),Male
679,Justine,Cobb,English (US),Female
680,Chandra,Puckett,English (US),Female
681,Kenya,Guy,English (US),Female
682,Charlotte,Miles,English (US),Female
683,Jill,Kim,English (US),Female
684,Queen,Colon,English (US),Female
685,Adriana,Davis,English (US),Female
686,Juana,Sosa,English (US),Female
687,Berta,Rowland,English (US),Female
688,Kenya,Maldonado,English (US),Female
689,Teresa,Griffith,English (US),Female
690,Cassandra,Gamble,English (US),Female
691,Gertrude,Bridges,English (US),Female
692,Joanne,Solomon,English (US),Female
693,Jami,Barber,English (US),Female
694,Ernie,Angulo,English (US),Male
695,Olive,Phillips,English (US),Female
696,Junior,Segal,English (US),Male
697,Russel,Mallard,English (US),Male
698,Clement,Beaudry,English (US),Male
699,Gwendolyn,Soto,English (US),Female
700,Dolly,Curtis,English (US),Female
701,Pearlie,Guzman,English (US),Female
702,Wilson,Chitwood,English (US),Male
703,Isabella,Wagner,English (US),Female
704,Cassandra,Perez,English (US),Female
705,Sara,Cash,English (US),Female
706,Vanessa,Fox,English (US),Female
707,Lynn,Stout,English (US),Female
708,Irvin,Ketchum,English (US),Male
709,Jerri,Perez,English (US),Female
710,Jami,Stewart,English (US),Female
711,Wendi,McCray,English (US),Female
712,Nathan,Robey,English (US),Male
713,Sammie,Theriault,English (US),Male
714,Mallory,Zamora,English (US),Female
715,Adrian,Ferguson,English (US),Female
716,Gilbert,Miller,English (US),Male
717,Corrine,Shaw,English (US),Female
718,Brad,Burbank,English (US),Male
719,Marissa,Shindell,English (US),Female
720,Leonor,Stout,English (US),Female
721,Ana,McLeod,English (US),Female
722,Sheila,Neal,English (US),Female
723,Freida,Case,English (US),Female
724,Jacquelyn,Calhoun,English (US),Female
725,Joni,Maynard,English (US),Female
726,Coleen,McCarty,English (US),Female
727,Otto,Roussel,English (US),Male
728,Brenda,Lawson,English (US),Female
729,Leroy,Amundson,English (US),Male
730,Neva,Chavez,English (US),Female
731,Roxanne,Barber,English (US),Female
732,Bobbi,Gilmore,English (US),Female
733,Dwight,Phifer,English (US),Male
734,Morgan,Dodds,English (US),Male
735,Julie,Conway,English (US),Female
736,Tabatha,Suarez,English (US),Female
737,Carolina,Berger,English (US),Female
738,Esteban,McCormick,English (US),Male
739,Jan,Shields,English (US),Female
740,Enrique,Rigby,English (US),Male
741,Thurman,Mota,English (US),Male
742,Carly,Henry,English (US),Female
743,Stefan,Cage,English (US),Male
744,Cleo,Morse,English (US),Female
745,Christine,Murray,English (US),Female
746,Brianna,Grant,English (US),Female
747,Mildred,Salazar,English (US),Female
748,Mason,Wortham,English (US),Male
749,Lakeisha,Bowen,English (US),Female
750,Harvey,Jackman,English (US),Male
751,Winston,Breland,English (US),Male
752,Julianne,O'Donnell,English (US),Female
753,Janell,Weaver,English (US),Female
754,Pam,Stout,English (US),Female
755,Gwendolyn,Griffith,English (US),Female
756,Kari,Burns,English (US),Female
757,Crystal,Tate,English (US),Female
758,Terrie,Fowler,English (US),Female
759,Anton,Skeen,English (US),Male
760,Emily,Payne,English (US),Female
761,Debra,Young,English (US),Female
762,Cecelia,Hays,English (US),Female
763,Sondra,Case,English (US),Female
764,Nikki,Hurst,English (US),Female
765,Tisha,Wright,English (US),Female
766,May,Finley,English (US),Female
767,Leona,Merritt,English (US),Female
768,Jayne,Carr,English (US),Female
769,Noah,McNeil,English (US),Male
770,Ernesto,Ramsay,English (US),Male
771,John,Roy,English (US),Female
772,Frances,McLaughlin,English (US),Female
773,Jenny,Prince,English (US),Female
774,Bill,Brigham,English (US),Male
775,Susanne,Bond,English (US),Female
776,Virgie,Goodwin,English (US),Female
777,Rene,Pittman,English (US),Female
778,Katherine,Richmond,English (US),Female
779,Felicia,Mack,English (US),Female
780,Austin,Bracken,English (US),Male
781,Rudy,Rohde,English (US),Male
782,Rosalind,Walton,English (US),Female
783,Sonja,Foreman,English (US),Female
784,Michel,Barela,English (US),Male
785,Guillermo,McCarty,English (US),Male
786,Angelique,Kline,English (US),Female
787,Rosetta,Deleon,English (US),Female
788,Bessie,Mason,English (US),Female
789,Jan,Mathis,English (US),Female
790,Ebony,Dodson,English (US),Female
791,Elvia,Matthews,English (US),Female
792,Ramona,Stone,English (US),Female
793,Louise,Morrow,English (US),Female
794,Francis,Carr,English (US),Female
795,Kitty,Lott,English (US),Female
796,Lynette,Oliver,English (US),Female
797,Hubert,McClure,English (US),Male
798,Noel,Stillman,English (US),Male
799,Kathleen,Jimenez,English (US),Female
800,Ty,Withrow,English (US),Male
801,Jeri,Hunter,English (US),Female
802,Bruno,Pender,English (US),Male
803,Chester,Munger,English (US),Male
804,Tammy,Peck,English (US),Female
805,Omar,Chitwood,English (US),Male
806,Edward,Theriot,English (US),Male
807,Jesus,Macleod,English (US),Male
808,Virgie,Casey,English (US),Female
809,Patsy,Butler,English (US),Female
810,Nadine,Salas,English (US),Female
811,Floyd,Madera,English (US),Male
812,Leola,Baldwin,English (US),Female
813,Melissa,Newman,English (US),Female
814,Patrice,Cantrell,English (US),Female
815,Gerardo,Dabbs,English (US),Male
816,Isabel,England,English (US),Female
817,Kara,Nash,English (US),Female
818,Muriel,Young,English (US),Female
819,Rudy,Rivard,English (US),Male
820,Cliff,Gault,English (US),Male
821,Callie,Weiss,English (US),Female
822,Terri,Crane,English (US),Female
823,Ester,Barber,English (US),Female
824,Blake,Hoag,English (US),Male
825,James,Mann,English (US),Female
826,Vance,Marra,English (US),Male
827,Nadine,Huber,English (US),Female
828,Lorene,Raymond,English (US),Female
829,Julianne,Hubbard,English (US),Female
830,Lenore,Meyers,English (US),Female
831,Michel,Thrash,English (US),Male
832,Christy,Santos,English (US),Female
833,Penny,Hart,English (US),Female
834,Neil,McKenzie,English (US),Male
835,Demetrius,Homer,English (US),Male
836,Guadalupe,Ross,English (US),Female
837,Lamont,Quinlan,English (US),Male
838,Hubert,Lanning,English (US),Male
839,Brock,Nestor,English (US),Male
840,Laurie,Thornton,English (US),Female
841,Harriet,Doyle,English (UK),Female
842,Aaliyah,Faulkner,English (UK),Female
843,Isaac,Ingram,English (UK),Male
844,Harriet,Marsh,English (UK),Female
845,Tegan,Peacock,English (UK),Female
846,Morgan,Adams,English (UK),Male
847,Holly,Curtis,English (UK),Female
848,Leo,Lamb,English (UK),Male
849,Samantha,Wall,English (UK),Female
850,Kiera,Stevens,English (UK),Female
851,Lucas,Adams,English (UK),Male
852,Billy,Donnelly,English (UK),Male
853,Naomi,Williamson,English (UK),Female
854,Libby,Richards,English (UK),Female
855,Oscar,Lucas,English (UK),Male
856,Anthony,Kirby,English (UK),Male
857,Hollie,Wall,English (UK),Female
858,Kian,Campbell,English (UK),Male
859,Rosie,Richards,English (UK),Female
860,Patrick,White,English (UK),Male
861,Jodie,Moss,English (UK),Female
862,Ellie,Skinner,English (UK),Female
863,Aidan,Adams,English (UK),Male
864,Brandan,Power,English (UK),Male
865,Ellie,Storey,English (UK),Female
866,Ellen,Patterson,English (UK),Female
867,Gabriel,Power,English (UK),Male
868,Oscar,Wright,English (UK),Male
869,Sonia,Bryan,English (UK),Female
870,Mary,Sullivan,English (UK),Female
871,Rhys,Hunt,English (UK),Male
872,Sophia,Storey,English (UK),Female
873,Abigail,Reynolds,English (UK),Female
874,Cameron,White,English (UK),Male
875,Elliot,Thompson,English (UK),Male
876,Benjamin,Kosovich,English (Australia),Male
877,Dakota,Mattner,English (Australia),Female
878,Chloe,Alden,English (Australia),Female
879,Charlotte,Akeroyd,English (Australia),Female
880,Archie,Syme,English (Australia),Male
881,Rebecca,Barney,English (Australia),Female
882,Oscar,Dixon,English (Australia),Male
883,Archie,Lamble,English (Australia),Male
884,Mason,Potter,English (Australia),Male
885,Emily,Adermann,English (Australia),Female
886,Chloe,Rosenhain,English (Australia),Female
887,Sebastian,Kolios,English (Australia),Male
888,Evie,Falstein,English (Australia),Female
889,Zoe,Lack,English (Australia),Female
890,Logan,Hopkins,English (Australia),Male
891,Isabella,Prinsep,English (Australia),Female
892,Jayden,Loton,English (Australia),Male
893,Jack,Knaggs,English (Australia),Male
894,Isabella,Whittle,English (Australia),Female
895,Lily,Lack,English (Australia),Female
896,Amelie,Koch,English (Australia),Female
897,Emily,Luffman,English (Australia),Female
898,Amelia,Waring,English (Australia),Female
899,Chelsea,Hinton,English (Australia),Female
900,Sara,Battarbee,English (Australia),Female
901,Sara,Skuthorp,English (Australia),Female
902,Bianca,Cleary,English (Australia),Female
903,Ruby,Simonetti,English (Australia),Female
904,Ryan,Potter,English (Australia),Male
905,Jordan,Keynes,English (Australia),Male
906,Zane,Kolios,English (Australia),Male
907,Benjamin,Kolios,English (Australia),Male
908,Jai,Paget,English (Australia),Male
909,Oscar,Springthorpe,English (Australia),Male
910,Hayden,Onslow,English (Australia),Male
911,Gal,Steinberg,Hebrew,Female
912,Yoni,Moshe,Hebrew,Male
913,Daniel,Shimon,Hebrew,Male
914,Miki,Berkovitz,Hebrew,Male
915,Yoni,Oz,Hebrew,Male
916,Miki,Rabin,Hebrew,Male
917,Adah,Caspit,Hebrew,Female
918,Shai,Moshe,Hebrew,Male
919,Tamar,Oren,Hebrew,Female
920,Zivah,Mozes,Hebrew,Female
921,Shir,Steinberg,Hebrew,Female
922,Sarah,Goldberg,Hebrew,Female
923,Maor,Bar-Ilan,Hebrew,Male
924,Gal,Even-Chen,Hebrew,Female
925,Miki,Rosen,Hebrew,Male
926,Navah,Goldberg,Hebrew,Female
927,Eitan,Barak,Hebrew,Male
928,Navah,Simon,Hebrew,Female
929,Hadar,Silver,Hebrew,Female
930,Hadar,Barak,Hebrew,Male
931,Daniel,Bar-Ilan,Hebrew,Male
932,Miki,Gilboa,Hebrew,Male
933,Guy,Ben-Ze'ev,Hebrew,Male
934,Miki,Shapiro,Hebrew,Male
935,Aviv,Berkovitz,Hebrew,Male
936,Hadassa,Mendelssohn,Hebrew,Female
937,Itai,Barda,Hebrew,Male
938,Hadasah,Oren,Hebrew,Female
939,Avigayil,Ben-Meir,Hebrew,Female
940,Itai,Ben-Tzvi,Hebrew,Male
941,Navah,Mizrachi,Hebrew,Female
942,Hadasa,Rozen,Hebrew,Female
943,Hagai,Glober,Hebrew,Male
944,Navah,Even-Shushan,Hebrew,Female
945,Lian,Ben-Menachem,Hebrew,Female
946,Premwadee,Atitarn,Thai,Female
947,Preecha,Ornlamai,Thai,Male
948,Sunisa,Thanasukolwit,Thai,Female
949,Pongrit,Sukbunsung,Thai,Male
950,Kwanjai,Wattana,Thai,Female
951,Duanphen,Praphasirirat,Thai,Female
952,Sakchai,Maneerattana,Thai,Male
953,Chuan,Wongsawat,Thai,Male
954,Sakchai,Paowsong,Thai,Male
955,Asda,Sriwarunyu,Thai,Male
956,Promporn,Jetatikarn,Thai,Female
957,Budsaba,Praphasirirat,Thai,Female
958,Suttipong,Suppamongkon,Thai,Male
959,Manee,Montri,Thai,Female
960,Busarakham,Charoenkul,Thai,Female
961,Pongrit,Udomprecha,Thai,Male
962,Busarakham,Oraphan,Thai,Female
963,Orapan,Neungluthai,Thai,Female
964,Chantana,Kurusarttra,Thai,Female
965,Ned,Santisakul,Thai,Male
966,Nuntida,Suttikul,Thai,Female
967,Gaandaa,Charoenkul,Thai,Female
968,Chaow,Ornlamai,Thai,Male
969,Prasert,Thumying,Thai,Male
970,Hathai,Aromdee,Thai,Female
971,Areya,Charoenkul,Thai,Female
972,Nattaporn,Kunchai,Thai,Female
973,Chantana,Saowaluk,Thai,Female
974,Chompunut,Kunchai,Thai,Female
975,Pradtana,Jetjirawat,Thai,Female
976,Pramod,Puntasrima,Thai,Male
977,Korrakoj,Kitjakarn,Thai,Female
978,Amporn,Rattanaporn,Thai,Female
979,Nattaporn,Kongpaisarn,Thai,Female
980,Prawit,Suppamongkon,Thai,Male
981,Marco,Paez,Spanish (Mexico),Male
982,Cristobal,Osorio,Spanish (Mexico),Male
983,Javier,Ceballos,Spanish (Mexico),Male
984,Francisca,Madera,Spanish (Mexico),Female
985,Juan,Nevarez,Spanish (Mexico),Male
986,Gerardo,Jaramillo,Spanish (Mexico),Male
987,Diego,Burgos,Spanish (Mexico),Male
988,Gerardo,Segovia,Spanish (Mexico),Male
989,Martina,Hernandes,Spanish (Mexico),Female
990,Monica,Segovia,Spanish (Mexico),Female
991,Manuel,Pelayo,Spanish (Mexico),Male
992,Carlos,Pelayo,Spanish (Mexico),Male
993,Sofia,Paz,Spanish (Mexico),Female
994,David,Romero,Spanish (Mexico),Male
995,Amanda,Barragan,Spanish (Mexico),Female
996,Mara,Gutierrez,Spanish (Mexico),Female
997,Fatima,Tapia,Spanish (Mexico),Female
998,Jimena,Hinojosa,Spanish (Mexico),Female
999,Mara,Bahena,Spanish (Mexico),Female
1000,Monica,Madera,Spanish (Mexico),Female
